title,description,created_timestamp,last_updated_timestamp
Clouds,Very Misty,2023-04-09 18:39:38.507520,2023-04-09 18:39:38.507540
Sea,Blue water!!,2023-04-09 18:42:23.433400,2023-04-09 18:42:23.433422
Peak,Huge mountains,2023-04-09 18:43:08.344452,2023-04-09 18:43:08.344473
Big bridge,Bridge,2023-04-09 18:43:37.558966,2023-04-09 18:43:37.558983
Trees,Green Trees,2023-04-09 20:19:17.107399,2023-04-09 20:19:17.107421
This is my first blog,My photo,2023-04-09 20:37:09.326488,2023-04-09 20:37:09.326488
Car,This is  my new Car,2023-04-09 23:16:07.091532,2023-04-09 23:16:07.091556
New car,Car ,2023-04-09 23:18:25.378936,2023-04-09 23:18:25.379032
Car,This is my new Car,2023-04-09 23:28:31.727172,2023-04-09 23:28:31.727837
